{
    "name": "root",
    "gauges": {
        "FoodCollector.Policy.Entropy.mean": {
            "value": 0.6554360389709473,
            "min": 0.6554360389709473,
            "max": 3.385016441345215,
            "count": 5
        },
        "FoodCollector.Policy.ExtrinsicValueEstimate.mean": {
            "value": 2.435326099395752,
            "min": 0.11602827161550522,
            "max": 2.435326099395752,
            "count": 5
        },
        "FoodCollector.Losses.ValueLoss.mean": {
            "value": 0.10746243596076965,
            "min": 0.010476252064108849,
            "max": 0.10746243596076965,
            "count": 5
        },
        "FoodCollector.Losses.PolicyLoss.mean": {
            "value": -1.526280403137207,
            "min": -1.526280403137207,
            "max": -0.1118994951248169,
            "count": 5
        },
        "FoodCollector.Losses.Q1Loss.mean": {
            "value": 0.052776042371988297,
            "min": 0.005198150407522917,
            "max": 0.052776042371988297,
            "count": 5
        },
        "FoodCollector.Losses.Q2Loss.mean": {
            "value": 0.05267365649342537,
            "min": 0.005202667322009802,
            "max": 0.05267365649342537,
            "count": 5
        },
        "FoodCollector.Policy.EntropyCoeff.mean": {
            "value": 0.018932873383164406,
            "min": 0.018932873383164406,
            "max": 0.04468042403459549,
            "count": 5
        },
        "FoodCollector.Policy.LearningRate.mean": {
            "value": 0.0003000000142492354,
            "min": 0.0002999999560415745,
            "max": 0.0003000000142492354,
            "count": 5
        },
        "FoodCollector.GhostScore.mean": {
            "value": 3181.0,
            "min": 89.0,
            "max": 3181.0,
            "count": 5
        },
        "FoodCollector.IsTraining.mean": {
            "value": 1.0,
            "min": 1.0,
            "max": 1.0,
            "count": 5
        },
        "FoodCollector.Environment.EpisodeLength.mean": {
            "value": 1374.0,
            "min": 1374.0,
            "max": 1374.0,
            "count": 1
        },
        "FoodCollector.Environment.CumulativeReward.mean": {
            "value": 39.55999953225255,
            "min": 39.55999953225255,
            "max": 39.55999953225255,
            "count": 1
        },
        "FoodCollector.Policy.ExtrinsicReward.mean": {
            "value": 39.55999953225255,
            "min": 39.55999953225255,
            "max": 39.55999953225255,
            "count": 1
        }
    },
    "metadata": {
        "timer_format_version": "0.1.0",
        "start_time_seconds": "1603010426",
        "python_version": "3.8.5 (default, Sep  3 2020, 21:29:08) [MSC v.1916 64 bit (AMD64)]",
        "command_line_arguments": "C:\\Users\\astri\\anaconda3\\envs\\ML-Agents8\\Scripts\\mlagents-learn ./FoodCollector.yaml --run-id GhostBrain_10 --force",
        "mlagents_version": "0.21.0",
        "mlagents_envs_version": "0.21.0",
        "communication_protocol_version": "1.2.0",
        "tensorflow_version": "2.3.1",
        "numpy_version": "1.19.1",
        "end_time_seconds": "1603010541"
    },
    "total": 114.7799297,
    "count": 1,
    "self": 0.004024099999995201,
    "children": {
        "run_training.setup": {
            "total": 0.004542999999999964,
            "count": 1,
            "self": 0.004542999999999964
        },
        "TrainerController.start_learning": {
            "total": 114.7713626,
            "count": 1,
            "self": 1.0474809999994648,
            "children": {
                "TrainerController._reset_env": {
                    "total": 5.5415093,
                    "count": 1,
                    "self": 5.5415093
                },
                "TrainerController.advance": {
                    "total": 105.35787800000054,
                    "count": 5701,
                    "self": 0.057140700000474,
                    "children": {
                        "env_step": {
                            "total": 105.30073730000007,
                            "count": 5701,
                            "self": 100.55681359999983,
                            "children": {
                                "SubprocessEnvManager._take_step": {
                                    "total": 4.679036199999804,
                                    "count": 5701,
                                    "self": 0.1356081999993144,
                                    "children": {
                                        "TFPolicy.evaluate": {
                                            "total": 4.54342800000049,
                                            "count": 5701,
                                            "self": 4.54342800000049
                                        }
                                    }
                                },
                                "workers": {
                                    "total": 0.06488750000043986,
                                    "count": 5700,
                                    "self": 0.0,
                                    "children": {
                                        "worker_root": {
                                            "total": 107.00965290000052,
                                            "count": 5700,
                                            "is_parallel": true,
                                            "self": 11.764795900000124,
                                            "children": {
                                                "steps_from_proto": {
                                                    "total": 0.0009512999999996552,
                                                    "count": 1,
                                                    "is_parallel": true,
                                                    "self": 0.00019060000000026278,
                                                    "children": {
                                                        "_process_vector_observation": {
                                                            "total": 0.0007606999999993924,
                                                            "count": 4,
                                                            "is_parallel": true,
                                                            "self": 0.0007606999999993924
                                                        }
                                                    }
                                                },
                                                "UnityEnvironment.step": {
                                                    "total": 95.2439057000004,
                                                    "count": 5700,
                                                    "is_parallel": true,
                                                    "self": 0.4117439000005447,
                                                    "children": {
                                                        "UnityEnvironment._generate_step_input": {
                                                            "total": 1.8528519000001742,
                                                            "count": 5700,
                                                            "is_parallel": true,
                                                            "self": 1.8528519000001742
                                                        },
                                                        "communicator.exchange": {
                                                            "total": 89.57018039999951,
                                                            "count": 5700,
                                                            "is_parallel": true,