{
    "name": "root",
    "gauges": {
        "FoodCollector.Policy.Entropy.mean": {
            "value": 0.7341968417167664,
            "min": 0.407235324382782,
            "max": 2.4140777587890625,
            "count": 27
        },
        "FoodCollector.Policy.ExtrinsicValueEstimate.mean": {
            "value": 6.7371087074279785,
            "min": 0.02344537153840065,
            "max": 7.636688709259033,
            "count": 27
        },
        "FoodCollector.Losses.ValueLoss.mean": {
            "value": 0.3008074164390564,
            "min": 0.0673886239528656,
            "max": 0.3008074164390564,
            "count": 27
        },
        "FoodCollector.Losses.PolicyLoss.mean": {
            "value": -6.890773296356201,
            "min": -6.890773296356201,
            "max": -0.03362254053354263,
            "count": 27
        },
        "FoodCollector.Losses.Q1Loss.mean": {
            "value": 0.14634887874126434,
            "min": 0.03346478193998337,
            "max": 0.14634887874126434,
            "count": 27
        },
        "FoodCollector.Losses.Q2Loss.mean": {
            "value": 0.14726664125919342,
            "min": 0.03348126262426376,
            "max": 0.14726664125919342,
            "count": 27
        },
        "FoodCollector.Policy.EntropyCoeff.mean": {
            "value": 0.049533095210790634,
            "min": 0.026970546692609787,
            "max": 0.049533095210790634,
            "count": 27
        },
        "FoodCollector.Policy.LearningRate.mean": {
            "value": 0.00029999998514540493,
            "min": 0.0002999999560415745,
            "max": 0.00029999998514540493,
            "count": 27
        },
        "FoodCollector.GhostScore.mean": {
            "value": 27367.5,
            "min": 95.0,
            "max": 27367.5,
            "count": 27
        },
        "FoodCollector.IsTraining.mean": {
            "value": 1.0,
            "min": 1.0,
            "max": 1.0,
            "count": 27
        },
        "FoodCollector.Environment.EpisodeLength.mean": {
            "value": 999.0,
            "min": 999.0,
            "max": 999.0,
            "count": 13
        },
        "FoodCollector.Environment.CumulativeReward.mean": {
            "value": 214.0,
            "min": -56.0,
            "max": 268.0,
            "count": 26
        },
        "FoodCollector.Policy.ExtrinsicReward.mean": {
            "value": 214.0,
            "min": -56.0,
            "max": 268.0,
            "count": 26
        }
    },
    "metadata": {
        "timer_format_version": "0.1.0",
        "start_time_seconds": "1603009662",
        "python_version": "3.8.5 (default, Sep  3 2020, 21:29:08) [MSC v.1916 64 bit (AMD64)]",
        "command_line_arguments": "C:\\Users\\astri\\anaconda3\\envs\\ML-Agents8\\Scripts\\mlagents-learn ./FoodCollector.yaml --run-id GhostBrain_09",
        "mlagents_version": "0.21.0",
        "mlagents_envs_version": "0.21.0",
        "communication_protocol_version": "1.2.0",
        "tensorflow_version": "2.3.1",
        "numpy_version": "1.19.1",
        "end_time_seconds": "1603010270"
    },
    "total": 607.8889376,
    "count": 1,
    "self": 0.004412300000012692,
    "children": {
        "run_training.setup": {
            "total": 0.005636700000000161,
            "count": 1,
            "self": 0.005636700000000161
        },
        "TrainerController.start_learning": {
            "total": 607.8788886,
            "count": 1,
            "self": 0.2916505999999117,
            "children": {
                "TrainerController._reset_env": {
                    "total": 5.966855300000001,
                    "count": 1,
                    "self": 5.966855300000001
                },
                "TrainerController.advance": {
                    "total": 598.6820864,
                    "count": 13877,
                    "self": 0.1423107000005075,
                    "children": {
                        "env_step": {
                            "total": 598.5397756999995,
                            "count": 13877,
                            "self": 585.3226906000017,
                            "children": {
                                "SubprocessEnvManager._take_step": {
                                    "total": 13.054887200000353,
                                    "count": 13877,
                                    "self": 0.41331770000058476,
                                    "children": {
                                        "TFPolicy.evaluate": {
                                            "total": 12.641569499999768,
                                            "count": 13877,
                                            "self": 12.641569499999768
                                        }
                                    }
                                },
                                "workers": {
                                    "total": 0.16219789999740541,
                                    "count": 13876,
                                    "self": 0.0,
                                    "children": {
                                        "worker_root": {
                                            "total": 600.233809000002,
                                            "count": 13876,
                                            "is_parallel": true,
                                            "self": 30.231042300006948,
                                            "children": {
                                                "steps_from_proto": {
                                                    "total": 0.0009760999999999243,
                                                    "count": 1,
                                                    "is_parallel": true,
                                                    "self": 0.0002152999999998073,
                                                    "children": {
                                                        "_process_vector_observation": {
                                                            "total": 0.0007608000000001169,
                                                            "count": 4,
                                                            "is_parallel": true,
                                                            "self": 0.0007608000000001169
                                                        }
                                                    }
                                                },
                                                "UnityEnvironment.step": {
                                                    "total": 570.001790599995,
                                                    "count": 13876,
                                                    "is_parallel": true,
                                                    "self": 1.2732477999923049,
                                                    "children": {
                                                        "UnityEnvironment._generate_step_input": {
                                                            "total": 8.24136899999937,
                                                            "count": 13876,
                                                            "is_parallel": true,
                                                            "self": 8.24136899999937
                                                        },
                                                        "communicator.exchange": {
                                                            "total": 545.9216937000014,
                                                            "count": 13876,
                                                            "is_parallel": true,
                                                            "self": 545.9216937000014
                                                        },