{
    "name": "root",
    "gauges": {
        "FoodCollector.Policy.Entropy.mean": {
            "value": 0.7061710357666016,
            "min": 0.7061710357666016,
            "max": 2.7619762420654297,
            "count": 10
        },
        "FoodCollector.Policy.ExtrinsicValueEstimate.mean": {
            "value": 1.500535249710083,
            "min": 0.2787988483905792,
            "max": 1.500535249710083,
            "count": 10
        },
        "FoodCollector.Losses.ValueLoss.mean": {
            "value": 0.026287611573934555,
            "min": 0.006854832638055086,
            "max": 0.026287611573934555,
            "count": 10
        },
        "FoodCollector.Losses.PolicyLoss.mean": {
            "value": -1.351841926574707,
            "min": -1.351841926574707,
            "max": -0.22129914164543152,
            "count": 10
        },
        "FoodCollector.Losses.Q1Loss.mean": {
            "value": 0.01294359378516674,
            "min": 0.0033346270211040974,
            "max": 0.01294359378516674,
            "count": 10
        },
        "FoodCollector.Losses.Q2Loss.mean": {
            "value": 0.012937827035784721,
            "min": 0.0033391264732927084,
            "max": 0.012937827035784721,
            "count": 10
        },
        "FoodCollector.Policy.EntropyCoeff.mean": {
            "value": 0.009874925017356873,
            "min": 0.009209945797920227,
            "max": 0.045351333916187286,
            "count": 10
        },
        "FoodCollector.Policy.LearningRate.mean": {
            "value": 0.00029999998514540493,
            "min": 0.0002999999560415745,
            "max": 0.0003000000142492354,
            "count": 10
        },
        "FoodCollector.IsTraining.mean": {
            "value": 1.0,
            "min": 1.0,
            "max": 1.0,
            "count": 10
        },
        "FoodCollector.TotalScore.mean": {
            "value": 2349.0,
            "min": 284.0,
            "max": 2349.0,
            "count": 9
        },
        "FoodCollector.GhostScore.mean": {
            "value": 1629.0,
            "min": 44.0,
            "max": 1629.0,
            "count": 9
        },
        "FoodCollector.Environment.EpisodeLength.mean": {
            "value": 1374.0,
            "min": 1374.0,
            "max": 1374.0,
            "count": 3
        },
        "FoodCollector.Environment.CumulativeReward.mean": {
            "value": 31.908333091065288,
            "min": -3.9541668742895126,
            "max": 31.908333091065288,
            "count": 3
        },
        "FoodCollector.Policy.ExtrinsicReward.mean": {
            "value": 31.908333091065288,
            "min": -3.9541668742895126,
            "max": 31.908333091065288,
            "count": 3
        }
    },
    "metadata": {
        "timer_format_version": "0.1.0",
        "start_time_seconds": "1603017929",
        "python_version": "3.8.5 (default, Sep  3 2020, 21:29:08) [MSC v.1916 64 bit (AMD64)]",
        "command_line_arguments": "C:\\Users\\astri\\anaconda3\\envs\\ML-Agents8\\Scripts\\mlagents-learn ./FoodCollector.yaml --run-id GhostBrain_13",
        "mlagents_version": "0.21.0",
        "mlagents_envs_version": "0.21.0",
        "communication_protocol_version": "1.2.0",
        "tensorflow_version": "2.3.1",
        "numpy_version": "1.19.1",
        "end_time_seconds": "1603018185"
    },
    "total": 256.0450346,
    "count": 1,
    "self": 0.005058299999973315,
    "children": {
        "run_training.setup": {
            "total": 0.004721799999999998,
            "count": 1,
            "self": 0.004721799999999998
        },
        "TrainerController.start_learning": {
            "total": 256.0352545,
            "count": 1,
            "self": 0.22253279999989672,
            "children": {
                "TrainerController._reset_env": {
                    "total": 38.2628743,
                    "count": 1,
                    "self": 38.2628743
                },
                "TrainerController.advance": {
                    "total": 214.84303730000013,
                    "count": 9871,
                    "self": 0.10186519999928123,
                    "children": {
                        "env_step": {
                            "total": 214.74117210000085,
                            "count": 9871,
                            "self": 206.20516139999947,
                            "children": {
                                "SubprocessEnvManager._take_step": {
                                    "total": 8.420319800000712,
                                    "count": 9871,
                                    "self": 0.24472580000093558,
                                    "children": {
                                        "TFPolicy.evaluate": {
                                            "total": 8.175593999999776,
                                            "count": 9871,
                                            "self": 8.175593999999776
                                        }
                                    }
                                },
                                "workers": {
                                    "total": 0.11569090000067206,
                                    "count": 9870,
                                    "self": 0.0,
                                    "children": {
                                        "worker_root": {
                                            "total": 216.4175025000001,
                                            "count": 9870,
                                            "is_parallel": true,
                                            "self": 20.712666100000632,
                                            "children": {
                                                "steps_from_proto": {
                                                    "total": 0.0014068000000051484,
                                                    "count": 1,
                                                    "is_parallel": true,
                                                    "self": 0.00036410000001296794,
                                                    "children": {
                                                        "_process_vector_observation": {
                                                            "total": 0.0010426999999921804,
                                                            "count": 4,
                                                            "is_parallel": true,
                                                            "self": 0.0010426999999921804
                                                        }
                                                    }
                                                },
                                                "UnityEnvironment.step": {
                                                    "total": 195.70342959999945,
                                                    "count": 9870,
                                                    "is_parallel": true,
                                                    "self": 0.7616323000002581,
                                                    "children": {
                                                        "UnityEnvironment._generate_step_input": {
                                                            "total": 3.545374100000295,
                                                            "count": 9870,
                                                            "is_parallel": true,
                                                            "self": 3.545374100000295
                                                        },
                                                        "communicator.exchange": {
                                                            "total": 184.63127489999943,
                                                            "count": 9870,